Timestamp,Activity,Dataset,Records_Processed
2026-08-31 13:47:31,Uploaded Workforce Dataset,workforce_employees.xlsx,1
2026-08-31 13:47:38,Uploaded Workforce Dataset,workforce_employees.xlsx,1
2026-08-31 13:48:56,Uploaded Workforce Dataset,workforce_employees.xlsx,1
2026-08-31 13:48:58,Uploaded Workforce Dataset,workforce_employees.xlsx,1
2026-08-31 13:49:01,Uploaded Workforce Dataset,workforce_employees.xlsx,1
2026-08-31 13:50:09,Uploaded Workforce Dataset,workforce_employees.xlsx,1
2026-08-31 13:50:17,Uploaded Workforce Dataset,workforce_employees.xlsx,1
2026-08-31 13:50:59,Uploaded Workforce Dataset,workforce_employees.xlsx,1
2026-08-31 13:51:29,Uploaded Workforce Dataset,workforce_employees.xlsx,1
2026-08-31 13:51:31,Uploaded Workforce Dataset,workforce_employees.xlsx,1
2026-08-31 13:52:35,Uploaded Workforce Dataset,workforce_employees.xlsx,1
2026-08-31 13:53:23,Uploaded Workforce Dataset,workforce_employees.xlsx,1
2026-08-31 13:55:52,Uploaded Workforce Dataset,workforce_employees.xlsx,1
